weapon,viewmodel,playermodel,primary_ammo,secondary_ammo,bucket
weapon_357,models/weapons/v_357.mdl,models/weapons/w_357.mdl,357,None,1
weapon_alyxgun,models/weapons/W_Alyx_Gun.mdl,models/weapons/W_Alyx_Gun.mdl,AlyxGun,,1
weapon_annabelle,models/weapons/v_shotgun.mdl,models/weapons/w_annabelle.mdl,357,None,2
weapon_ar2,models/weapons/v_irifle.mdl,models/weapons/w_irifle.mdl,AR2,AR2AltFire,2
weapon_bugbait,models/weapons/v_bugbait.mdl,models/weapons/w_bugbait.mdl,None,None,5
weapon_citizenpackage,models/weapons/w_package.mdl,models/weapons/w_package.mdl,None,None,2
weapon_citizensuitcase,models/weapons/w_suitcase_passenger.mdl,models/weapons/w_suitcase_passenger.mdl,None,None,2
weapon_crossbow,models/weapons/v_crossbow.mdl,models/weapons/w_crossbow.mdl,XBowBolt,None,3
weapon_crowbar,models/weapons/v_crowbar.mdl,models/weapons/w_crowbar.mdl,None,None,0
weapon_cubemap,models/shadertest/envballs.mdl,models/shadertest/envballs.mdl,None,None,2
weapon_frag,models/weapons/v_grenade.mdl,models/items/grenadeAmmo.mdl,grenade,None,4
weapon_manifest,,,,,
weapon_physcannon,models/weapons/v_physcannon.mdl,models/weapons/w_Physics.mdl,None,None,0
weapon_physgun,models/weapons/v_Physics.mdl,models/weapons/w_Physics.mdl,None,Gravity,4
weapon_pistol,models/weapons/v_pistol.mdl,models/weapons/w_pistol.mdl,Pistol,None,1
weapon_rpg,models/weapons/v_rpg.mdl,models/weapons/w_rocket_launcher.mdl,rpg_round,None,4
weapon_shotgun,models/weapons/v_shotgun.mdl,models/weapons/w_shotgun.mdl,Buckshot,None,3
weapon_smg1,models/weapons/v_smg1.mdl,models/weapons/w_smg1.mdl,SMG1,SMG1_Grenade,2
weapon_stunstick,models/weapons/v_stunbaton.mdl,models/weapons/w_stunbaton.mdl,None,None,0
